question_id,final_difficulty,categories,entity_kinds,schema_elements,cq_ids,selection_note
t35-001,easy,transaction_aggregation|time_range,concept_class,transaction_facts|transaction_facts.transaction_hash,CQ01,Selected after human review with balanced temporal and difficulty coverage
t35-002,easy,simple_filter|time_range,concept_class,transaction_facts|transaction_facts.is_success,CQ03,Selected after human review with balanced temporal and difficulty coverage
t35-003,easy,simple_filter|time_range,concept_class,transaction_facts|transaction_facts.is_success,CQ03,Selected after human review with balanced temporal and difficulty coverage
t35-004,easy,transaction_aggregation|time_range,address_only,transaction_facts|transaction_facts.value_wei,CQ02,Selected after human review with balanced temporal and difficulty coverage
t35-005,easy,transaction_aggregation|time_range,concept_class,block_facts|block_facts.block_number,CQ09,Selected after human review with balanced temporal and difficulty coverage
t35-006,easy,transaction_aggregation|time_range,concept_class,block_facts|block_facts.transaction_count,CQ09,Selected after human review with balanced temporal and difficulty coverage
t35-007,easy,token_specific|time_range,concept_class,token_transfer_facts|token_transfer_facts.transaction_hash,CQ15,Selected after human review with balanced temporal and difficulty coverage
t35-008,easy,simple_filter|token_specific,concept_class,token_transfer_facts|token_transfer_facts.normalized_amount,CQ15,Selected after human review with balanced temporal and difficulty coverage
t35-010,easy,transaction_aggregation|time_range,concept_class,transaction_facts|transaction_facts.transaction_hash,CQ01,Selected after human review with balanced temporal and difficulty coverage
t35-011,easy,simple_filter|time_range,concept_class,transaction_facts|transaction_facts.is_success,CQ03,Selected after human review with balanced temporal and difficulty coverage
t35-012,easy,simple_filter|time_range,concept_class,transaction_facts|transaction_facts.is_success,CQ03,Selected after human review with balanced temporal and difficulty coverage
t35-013,easy,transaction_aggregation|time_range,address_only,transaction_facts|transaction_facts.value_wei,CQ02,Selected after human review with balanced temporal and difficulty coverage
t35-014,easy,transaction_aggregation|time_range,concept_class,block_facts|block_facts.block_number,CQ09,Selected after human review with balanced temporal and difficulty coverage
t35-015,easy,transaction_aggregation|time_range,concept_class,block_facts|block_facts.transaction_count,CQ09,Selected after human review with balanced temporal and difficulty coverage
t35-016,easy,token_specific|time_range,concept_class,token_transfer_facts|token_transfer_facts.transaction_hash,CQ15,Selected after human review with balanced temporal and difficulty coverage
t35-019,easy,transaction_aggregation|time_range,concept_class,transaction_facts|transaction_facts.transaction_hash,CQ01,Selected after human review with balanced temporal and difficulty coverage
t35-020,easy,simple_filter|time_range,concept_class,transaction_facts|transaction_facts.is_success,CQ03,Selected after human review with balanced temporal and difficulty coverage
t35-021,easy,simple_filter|time_range,concept_class,transaction_facts|transaction_facts.is_success,CQ03,Selected after human review with balanced temporal and difficulty coverage
t35-022,easy,transaction_aggregation|time_range,address_only,transaction_facts|transaction_facts.value_wei,CQ02,Selected after human review with balanced temporal and difficulty coverage
t35-023,easy,transaction_aggregation|time_range,concept_class,block_facts|block_facts.block_number,CQ09,Selected after human review with balanced temporal and difficulty coverage
t35-024,easy,transaction_aggregation|time_range,concept_class,block_facts|block_facts.transaction_count,CQ09,Selected after human review with balanced temporal and difficulty coverage
t35-025,easy,token_specific|time_range,concept_class,token_transfer_facts|token_transfer_facts.transaction_hash,CQ15,Selected after human review with balanced temporal and difficulty coverage
t35-026,easy,simple_filter|token_specific,concept_class,token_transfer_facts|token_transfer_facts.normalized_amount,CQ15,Selected after human review with balanced temporal and difficulty coverage
t35-028,easy,transaction_aggregation|time_range,concept_class,transaction_facts|transaction_facts.transaction_hash,CQ01,Selected after human review with balanced temporal and difficulty coverage
t35-029,easy,simple_filter|time_range,concept_class,transaction_facts|transaction_facts.is_success,CQ03,Selected after human review with balanced temporal and difficulty coverage
t35-030,easy,simple_filter|time_range,concept_class,transaction_facts|transaction_facts.is_success,CQ03,Selected after human review with balanced temporal and difficulty coverage
t35-031,easy,transaction_aggregation|time_range,address_only,transaction_facts|transaction_facts.value_wei,CQ02,Selected after human review with balanced temporal and difficulty coverage
t35-032,easy,transaction_aggregation|time_range,concept_class,block_facts|block_facts.block_number,CQ09,Selected after human review with balanced temporal and difficulty coverage
t35-033,easy,transaction_aggregation|time_range,concept_class,block_facts|block_facts.transaction_count,CQ09,Selected after human review with balanced temporal and difficulty coverage
t35-034,easy,token_specific|time_range,concept_class,token_transfer_facts|token_transfer_facts.transaction_hash,CQ15,Selected after human review with balanced temporal and difficulty coverage
t35-039,medium,temporal_pattern|transaction_aggregation,concept_class,transaction_facts|transaction_facts.block_timestamp,CQ01,Selected after human review with balanced temporal and difficulty coverage
t35-040,medium,comparison|temporal_pattern,concept_class,transaction_facts|transaction_facts.block_timestamp|transaction_facts.is_success,CQ03|CQ16,Selected after human review with balanced temporal and difficulty coverage
t35-041,medium,temporal_pattern|transaction_aggregation,concept_class,transaction_facts|transaction_facts.block_timestamp|transaction_facts.gas_price_wei|transaction_facts.receipt_gas_used,CQ16,Selected after human review with balanced temporal and difficulty coverage
t35-042,medium,top_k|transaction_aggregation,address_only,block_facts|block_facts.beneficiary_address,CQ17,Selected after human review with balanced temporal and difficulty coverage
t35-043,medium,temporal_pattern|transaction_aggregation,concept_class,block_facts|block_facts.block_timestamp|block_facts.gas_used|block_facts.transaction_count,CQ09|CQ17,Selected after human review with balanced temporal and difficulty coverage
t35-044,medium,token_specific|top_k,address_only,token_transfer_facts|token_transfer_facts.token_address,CQ15,Selected after human review with balanced temporal and difficulty coverage
t35-045,medium,token_specific|top_k,named_entity,token_transfer_facts|token_transfer_facts.token_symbol|token_transfer_facts.normalized_amount,CQ15,Selected after human review with balanced temporal and difficulty coverage
t35-046,medium,class_level|comparison|token_specific,concept_class,token_transfer_facts|token_transfer_facts.is_erc20|token_transfer_facts.is_erc721,CQ15,Selected after human review with balanced temporal and difficulty coverage
t35-047,medium,top_k|token_specific,address_only,token_transfer_facts|token_transfer_facts.from_address,CQ14,Selected after human review with balanced temporal and difficulty coverage
t35-048,medium,top_k|token_specific,address_only,token_transfer_facts|token_transfer_facts.to_address,CQ14,Selected after human review with balanced temporal and difficulty coverage
t35-049,medium,class_level|transaction_aggregation,concept_class,transaction_facts|transaction_facts.transaction_type,CQ01,Selected after human review with balanced temporal and difficulty coverage
t35-050,medium,top_k|simple_filter,address_only,transaction_facts|transaction_facts.receipt_contract_address|transaction_facts.value_wei,CQ02|CQ18,Selected after human review with balanced temporal and difficulty coverage
t35-051,medium,class_level|multi_hop|transaction_aggregation,named_entity,transaction_facts|transaction_facts.to_address|entity_labels_v1|entity_labels_v1.address|entity_labels_v1.concept_class,CQ13|CQ22,Selected after human review with balanced temporal and difficulty coverage
t35-052,medium,top_k|transaction_aggregation,address_only,transaction_facts|transaction_facts.from_address,CQ04,Selected after human review with balanced temporal and difficulty coverage
t35-053,medium,top_k|transaction_aggregation,address_only,transaction_facts|transaction_facts.to_address,CQ05,Selected after human review with balanced temporal and difficulty coverage
t35-055,medium,comparison|temporal_pattern,concept_class,transaction_facts|transaction_facts.block_timestamp|transaction_facts.is_success,CQ03|CQ16,Selected after human review with balanced temporal and difficulty coverage
t35-056,medium,temporal_pattern|transaction_aggregation,concept_class,transaction_facts|transaction_facts.block_timestamp|transaction_facts.gas_price_wei|transaction_facts.receipt_gas_used,CQ16,Selected after human review with balanced temporal and difficulty coverage
t35-058,medium,temporal_pattern|transaction_aggregation,concept_class,block_facts|block_facts.block_timestamp|block_facts.gas_used|block_facts.transaction_count,CQ09|CQ17,Selected after human review with balanced temporal and difficulty coverage
t35-059,medium,token_specific|top_k,address_only,token_transfer_facts|token_transfer_facts.token_address,CQ15,Selected after human review with balanced temporal and difficulty coverage
t35-060,medium,token_specific|top_k,named_entity,token_transfer_facts|token_transfer_facts.token_symbol|token_transfer_facts.normalized_amount,CQ15,Selected after human review with balanced temporal and difficulty coverage
t35-061,medium,class_level|comparison|token_specific,concept_class,token_transfer_facts|token_transfer_facts.is_erc20|token_transfer_facts.is_erc721,CQ15,Selected after human review with balanced temporal and difficulty coverage
t35-063,medium,top_k|token_specific,address_only,token_transfer_facts|token_transfer_facts.to_address,CQ14,Selected after human review with balanced temporal and difficulty coverage
t35-064,medium,class_level|transaction_aggregation,concept_class,transaction_facts|transaction_facts.transaction_type,CQ01,Selected after human review with balanced temporal and difficulty coverage
t35-065,medium,top_k|simple_filter,address_only,transaction_facts|transaction_facts.receipt_contract_address|transaction_facts.value_wei,CQ02|CQ18,Selected after human review with balanced temporal and difficulty coverage
t35-066,medium,class_level|multi_hop|transaction_aggregation,named_entity,transaction_facts|transaction_facts.to_address|entity_labels_v1|entity_labels_v1.address|entity_labels_v1.concept_class,CQ13|CQ22,Selected after human review with balanced temporal and difficulty coverage
t35-067,medium,top_k|transaction_aggregation,address_only,transaction_facts|transaction_facts.from_address,CQ04,Selected after human review with balanced temporal and difficulty coverage
t35-068,medium,top_k|transaction_aggregation,address_only,transaction_facts|transaction_facts.to_address,CQ05,Selected after human review with balanced temporal and difficulty coverage
t35-069,medium,temporal_pattern|transaction_aggregation,concept_class,transaction_facts|transaction_facts.block_timestamp,CQ01,Selected after human review with balanced temporal and difficulty coverage
t35-070,medium,comparison|temporal_pattern,concept_class,transaction_facts|transaction_facts.block_timestamp|transaction_facts.is_success,CQ03|CQ16,Selected after human review with balanced temporal and difficulty coverage
t35-072,medium,top_k|transaction_aggregation,address_only,block_facts|block_facts.beneficiary_address,CQ17,Selected after human review with balanced temporal and difficulty coverage
t35-073,medium,temporal_pattern|transaction_aggregation,concept_class,block_facts|block_facts.block_timestamp|block_facts.gas_used|block_facts.transaction_count,CQ09|CQ17,Selected after human review with balanced temporal and difficulty coverage
t35-075,medium,token_specific|top_k,named_entity,token_transfer_facts|token_transfer_facts.token_symbol|token_transfer_facts.normalized_amount,CQ15,Selected after human review with balanced temporal and difficulty coverage
t35-076,medium,class_level|comparison|token_specific,concept_class,token_transfer_facts|token_transfer_facts.is_erc20|token_transfer_facts.is_erc721,CQ15,Selected after human review with balanced temporal and difficulty coverage
t35-077,medium,top_k|token_specific,address_only,token_transfer_facts|token_transfer_facts.from_address,CQ14,Selected after human review with balanced temporal and difficulty coverage
t35-078,medium,top_k|token_specific,address_only,token_transfer_facts|token_transfer_facts.to_address,CQ14,Selected after human review with balanced temporal and difficulty coverage
t35-079,medium,class_level|transaction_aggregation,concept_class,transaction_facts|transaction_facts.transaction_type,CQ01,Selected after human review with balanced temporal and difficulty coverage
t35-080,medium,top_k|simple_filter,address_only,transaction_facts|transaction_facts.receipt_contract_address|transaction_facts.value_wei,CQ02|CQ18,Selected after human review with balanced temporal and difficulty coverage
t35-081,medium,class_level|multi_hop|transaction_aggregation,named_entity,transaction_facts|transaction_facts.to_address|entity_labels_v1|entity_labels_v1.address|entity_labels_v1.concept_class,CQ13|CQ22,Selected after human review with balanced temporal and difficulty coverage
t35-082,medium,top_k|transaction_aggregation,address_only,transaction_facts|transaction_facts.from_address,CQ04,Selected after human review with balanced temporal and difficulty coverage
t35-083,medium,top_k|transaction_aggregation,address_only,transaction_facts|transaction_facts.to_address,CQ05,Selected after human review with balanced temporal and difficulty coverage
t35-084,medium,temporal_pattern|transaction_aggregation,concept_class,transaction_facts|transaction_facts.block_timestamp,CQ01,Selected after human review with balanced temporal and difficulty coverage
t35-086,medium,temporal_pattern|transaction_aggregation,concept_class,transaction_facts|transaction_facts.block_timestamp|transaction_facts.gas_price_wei|transaction_facts.receipt_gas_used,CQ16,Selected after human review with balanced temporal and difficulty coverage
t35-087,medium,top_k|transaction_aggregation,address_only,block_facts|block_facts.beneficiary_address,CQ17,Selected after human review with balanced temporal and difficulty coverage
t35-088,medium,temporal_pattern|transaction_aggregation,concept_class,block_facts|block_facts.block_timestamp|block_facts.gas_used|block_facts.transaction_count,CQ09|CQ17,Selected after human review with balanced temporal and difficulty coverage
t35-089,medium,token_specific|top_k,address_only,token_transfer_facts|token_transfer_facts.token_address,CQ15,Selected after human review with balanced temporal and difficulty coverage
t35-090,medium,token_specific|top_k,named_entity,token_transfer_facts|token_transfer_facts.token_symbol|token_transfer_facts.normalized_amount,CQ15,Selected after human review with balanced temporal and difficulty coverage
t35-091,medium,class_level|comparison|token_specific,concept_class,token_transfer_facts|token_transfer_facts.is_erc20|token_transfer_facts.is_erc721,CQ15,Selected after human review with balanced temporal and difficulty coverage
t35-093,medium,top_k|token_specific,address_only,token_transfer_facts|token_transfer_facts.to_address,CQ14,Selected after human review with balanced temporal and difficulty coverage
t35-094,medium,class_level|transaction_aggregation,concept_class,transaction_facts|transaction_facts.transaction_type,CQ01,Selected after human review with balanced temporal and difficulty coverage
t35-096,medium,class_level|multi_hop|transaction_aggregation,named_entity,transaction_facts|transaction_facts.to_address|entity_labels_v1|entity_labels_v1.address|entity_labels_v1.concept_class,CQ13|CQ22,Selected after human review with balanced temporal and difficulty coverage
t35-098,hard,multi_hop|comparison|temporal_pattern,concept_class,transaction_facts|transaction_facts.block_timestamp|block_facts|block_facts.block_timestamp|block_facts.transaction_count,CQ06|CQ09,Selected after human review with balanced temporal and difficulty coverage
t35-099,hard,multi_hop|class_level|comparison,concept_class,transaction_facts|transaction_facts.to_address|transaction_facts.value_wei|contract_dimension|contract_dimension.address|contract_dimension.is_erc20|contract_dimension.is_erc721,CQ18,Selected after human review with balanced temporal and difficulty coverage
t35-100,hard,multi_hop|top_k|token_specific,address_only,token_transfer_facts|token_transfer_facts.transaction_hash|token_transfer_facts.block_number|token_transfer_facts.block_hash|transaction_facts|transaction_facts.transaction_hash|transaction_facts.value_wei,CQ19,Selected after human review with balanced temporal and difficulty coverage
t35-101,hard,multi_hop|class_level|top_k,named_entity,transaction_facts|transaction_facts.from_address|transaction_facts.value_wei|entity_labels_v1|entity_labels_v1.address|entity_labels_v1.concept_class,CQ13|CQ22,Selected after human review with balanced temporal and difficulty coverage
t35-102,hard,multi_hop|token_specific|top_k,named_entity,token_transfer_facts|token_transfer_facts.to_address|token_transfer_facts.token_symbol|token_transfer_facts.normalized_amount|entity_labels_v1|entity_labels_v1.address|entity_labels_v1.owner,CQ25|CQ29,Selected after human review with balanced temporal and difficulty coverage
t35-103,hard,comparison|temporal_pattern|transaction_aggregation,concept_class,transaction_facts|transaction_facts.block_timestamp|transaction_facts.value_wei,CQ01|CQ02,Selected after human review with balanced temporal and difficulty coverage
t35-105,hard,multi_hop|class_level|comparison,concept_class,transaction_facts|transaction_facts.to_address|transaction_facts.value_wei|contract_dimension|contract_dimension.address|contract_dimension.is_erc20|contract_dimension.is_erc721,CQ18,Selected after human review with balanced temporal and difficulty coverage
t35-106,hard,multi_hop|top_k|token_specific,address_only,token_transfer_facts|token_transfer_facts.transaction_hash|token_transfer_facts.block_number|token_transfer_facts.block_hash|transaction_facts|transaction_facts.transaction_hash|transaction_facts.value_wei,CQ19,Selected after human review with balanced temporal and difficulty coverage
t35-107,hard,multi_hop|class_level|top_k,named_entity,transaction_facts|transaction_facts.from_address|transaction_facts.value_wei|entity_labels_v1|entity_labels_v1.address|entity_labels_v1.concept_class,CQ13|CQ22,Selected after human review with balanced temporal and difficulty coverage
t35-108,hard,multi_hop|token_specific|top_k,named_entity,token_transfer_facts|token_transfer_facts.to_address|token_transfer_facts.token_symbol|token_transfer_facts.normalized_amount|entity_labels_v1|entity_labels_v1.address|entity_labels_v1.owner,CQ25|CQ29,Selected after human review with balanced temporal and difficulty coverage
t35-109,hard,comparison|temporal_pattern|transaction_aggregation,concept_class,transaction_facts|transaction_facts.block_timestamp|transaction_facts.value_wei,CQ01|CQ02,Selected after human review with balanced temporal and difficulty coverage
t35-110,hard,multi_hop|comparison|temporal_pattern,concept_class,transaction_facts|transaction_facts.block_timestamp|block_facts|block_facts.block_timestamp|block_facts.transaction_count,CQ06|CQ09,Selected after human review with balanced temporal and difficulty coverage
t35-112,hard,multi_hop|top_k|token_specific,address_only,token_transfer_facts|token_transfer_facts.transaction_hash|token_transfer_facts.block_number|token_transfer_facts.block_hash|transaction_facts|transaction_facts.transaction_hash|transaction_facts.value_wei,CQ19,Selected after human review with balanced temporal and difficulty coverage
t35-113,hard,multi_hop|class_level|top_k,named_entity,transaction_facts|transaction_facts.from_address|transaction_facts.value_wei|entity_labels_v1|entity_labels_v1.address|entity_labels_v1.concept_class,CQ13|CQ22,Selected after human review with balanced temporal and difficulty coverage
t35-114,hard,multi_hop|token_specific|top_k,named_entity,token_transfer_facts|token_transfer_facts.to_address|token_transfer_facts.token_symbol|token_transfer_facts.normalized_amount|entity_labels_v1|entity_labels_v1.address|entity_labels_v1.owner,CQ25|CQ29,Selected after human review with balanced temporal and difficulty coverage
t35-115,hard,comparison|temporal_pattern|transaction_aggregation,concept_class,transaction_facts|transaction_facts.block_timestamp|transaction_facts.value_wei,CQ01|CQ02,Selected after human review with balanced temporal and difficulty coverage
t35-116,hard,multi_hop|comparison|temporal_pattern,concept_class,transaction_facts|transaction_facts.block_timestamp|block_facts|block_facts.block_timestamp|block_facts.transaction_count,CQ06|CQ09,Selected after human review with balanced temporal and difficulty coverage
t35-117,hard,multi_hop|class_level|comparison,concept_class,transaction_facts|transaction_facts.to_address|transaction_facts.value_wei|contract_dimension|contract_dimension.address|contract_dimension.is_erc20|contract_dimension.is_erc721,CQ18,Selected after human review with balanced temporal and difficulty coverage
t35-119,hard,multi_hop|class_level|top_k,named_entity,transaction_facts|transaction_facts.from_address|transaction_facts.value_wei|entity_labels_v1|entity_labels_v1.address|entity_labels_v1.concept_class,CQ13|CQ22,Selected after human review with balanced temporal and difficulty coverage
t35-120,hard,multi_hop|token_specific|top_k,named_entity,token_transfer_facts|token_transfer_facts.to_address|token_transfer_facts.token_symbol|token_transfer_facts.normalized_amount|entity_labels_v1|entity_labels_v1.address|entity_labels_v1.owner,CQ25|CQ29,Selected after human review with balanced temporal and difficulty coverage
